请填写操作原因，最多 200 字|Enter a reason, up to 200 characters|Indiquez un motif, 200 caractères maximum|ระบุเหตุผลไม่เกิน 200 ตัวอักษร|Grund eingeben, höchstens 200 Zeichen|理由を200文字以内で入力してください|कारण लिखें, अधिकतम 200 अक्षर
训练场次已不存在，请刷新排期|Session unavailable. Refresh the schedule.|Séance introuvable. Actualisez le planning.|ไม่พบคลาส โปรดรีเฟรชตาราง|Einheit nicht verfügbar. Plan aktualisieren.|レッスンがありません。予定を更新してください|सत्र उपलब्ध नहीं है। समय-सारणी रीफ़्रेश करें।
只能调整自己负责的场次|You can only adjust your own sessions|Vous pouvez modifier uniquement vos séances|ปรับได้เฉพาะคลาสที่คุณรับผิดชอบ|Du kannst nur eigene Einheiten ändern|担当するレッスンのみ変更できます|केवल अपने सत्र बदल सकते हैं
学员|Student|Élève|ผู้เรียน|Teilnehmer|受講者|प्रशिक्षार्थी
请填写训练主题，最多 60 字|Enter a session title, up to 60 characters|Indiquez un titre, 60 caractères maximum|ระบุหัวข้อการฝึกไม่เกิน 60 ตัวอักษร|Trainingstitel eingeben, höchstens 60 Zeichen|レッスン名を60文字以内で入力してください|सत्र का शीर्षक लिखें, अधिकतम 60 अक्षर
这次请求已用于其他调整，请刷新后重试|This request was used for another change. Refresh first.|Cette demande a déjà servi. Actualisez avant de réessayer.|คำขอนี้ใช้กับการปรับอื่นแล้ว โปรดรีเฟรช|Anfrage bereits anders verwendet. Erst aktualisieren.|このリクエストは使用済みです。更新してください|यह अनुरोध दूसरे बदलाव में उपयोग हो चुका है। रीफ़्रेश करें।
排课或预约名单已变化，请刷新并重新核对|The session or roster changed. Refresh and review again.|La séance ou la liste a changé. Actualisez et vérifiez.|คลาสหรือรายชื่อเปลี่ยนแล้ว โปรดรีเฟรชและตรวจสอบ|Einheit oder Liste geändert. Aktualisieren und erneut prüfen.|予定または名簿が変わりました。更新して再確認してください|सत्र या सूची बदल गई है। रीफ़्रेश करके दोबारा जाँचें।
已开始或已取消的场次不能修改|Started or cancelled sessions cannot be edited|Une séance commencée ou annulée ne peut être modifiée|แก้ไขคลาสที่เริ่มแล้วหรือยกเลิกแล้วไม่ได้|Begonnene oder abgesagte Einheiten sind nicht änderbar|開始済み・キャンセル済みのレッスンは変更できません|शुरू या रद्द सत्र बदल नहीं सकते
私教场次人数必须为 1|Personal sessions must have capacity 1|La capacité d'une séance individuelle doit être 1|คลาสส่วนตัวต้องจำกัด 1 คน|Einzeltraining muss Kapazität 1 haben|個人レッスンの定員は1名です|व्यक्तिगत सत्र की क्षमता 1 होनी चाहिए
更换教练需要管理员权限|Changing the coach requires administrator access|Changer de coach nécessite un accès administrateur|การเปลี่ยนครูฝึกต้องเป็นผู้ดูแล|Trainerwechsel erfordert Administratorrechte|コーチ変更には管理者権限が必要です|प्रशिक्षक बदलने के लिए व्यवस्थापक अधिकार चाहिए
场次已有核销或缺席记录，请先纠正到场状态|Correct existing attendance or absence records first|Corrigez d'abord les présences ou absences enregistrées|แก้ไขบันทึกเข้าร่วมหรือขาดก่อน|Erst erfasste Anwesenheit oder Fehlzeiten korrigieren|先に出席・欠席記録を訂正してください|पहले दर्ज उपस्थिति या अनुपस्थिति सुधारें
人数上限不能小于当前预约人数|Capacity cannot be below the current booking count|La capacité ne peut être inférieure aux réservations|จำนวนสูงสุดต้องไม่น้อยกว่าผู้จองปัจจุบัน|Kapazität darf Buchungszahl nicht unterschreiten|定員は現在の予約人数以上にしてください|क्षमता वर्तमान बुकिंग संख्या से कम नहीं हो सकती
与该教练已有排课时间重叠，请调整时间|This coach has an overlapping session. Change the time.|Ce coach a une séance simultanée. Changez l'horaire.|เวลาซ้อนกับคลาสของครูฝึก โปรดเปลี่ยนเวลา|Überschneidung beim Trainer. Uhrzeit ändern.|このコーチの予定と重複しています。時間を変更してください|प्रशिक्षक का दूसरा सत्र इसी समय है। समय बदलें।
排课已修改，已有预约已同步更新|Session and existing bookings updated|Séance et réservations mises à jour|อัปเดตคลาสและการจองแล้ว|Einheit und Buchungen aktualisiert|レッスンと既存の予約を更新しました|सत्र और मौजूदा बुकिंग अपडेट हो गईं
已开始的场次不能取消，请先核对训练记录|This session has started. Review training records first.|La séance a commencé. Vérifiez les entraînements.|คลาสเริ่มแล้ว โปรดตรวจสอบบันทึกการฝึกก่อน|Einheit begonnen. Erst Trainingsdaten prüfen.|開始済みです。先に練習記録を確認してください|सत्र शुरू हो चुका है। पहले प्रशिक्षण रिकॉर्ड जाँचें।
退课名单状态异常，请联系管理员核对|Refund roster needs review. Contact an administrator.|Liste de restitution incohérente. Contactez l'administrateur.|สถานะรายชื่อคืนสิทธิ์ผิดปกติ ติดต่อผู้ดูแล|Erstattungsliste prüfen lassen. Administrator kontaktieren.|返却名簿の確認が必要です。管理者に連絡してください|क्रेडिट वापसी सूची की जाँच चाहिए। व्यवस्थापक से संपर्क करें।
客户权益记录不可用，退课未完成，请联系管理员|Credits unavailable; return incomplete. Contact an administrator.|Crédits indisponibles ; restitution incomplète. Contactez l'administrateur.|ไม่พบข้อมูลสิทธิ์ คืนสิทธิ์ไม่สำเร็จ ติดต่อผู้ดูแล|Guthaben nicht verfügbar; Rückgabe unvollständig. Administrator kontaktieren.|回数情報が利用できず返却未完了です。管理者に連絡してください|क्रेडिट रिकॉर्ड उपलब्ध नहीं, वापसी अधूरी है। व्यवस्थापक से संपर्क करें।
场馆取消退课|Credits returned after gym cancellation|Crédits rendus après annulation par la salle|คืนสิทธิ์จากการยกเลิกของยิม|Guthaben nach Studioabsage zurückgegeben|施設キャンセルによる回数返却|जिम द्वारा रद्द करने पर क्रेडिट लौटाए गए
场次已取消，预约课时已全部退回|Session cancelled; all booking credits returned|Séance annulée ; tous les crédits rendus|ยกเลิกคลาสและคืนสิทธิ์ทั้งหมดแล้ว|Einheit abgesagt; alle Buchungsguthaben zurückgegeben|レッスンをキャンセルし、全回数を返却しました|सत्र रद्द; सभी बुकिंग क्रेडिट लौटाए गए
场次已取消，正在继续退课|Session cancelled; continuing credit returns|Séance annulée ; restitution en cours|ยกเลิกคลาสแล้ว กำลังคืนสิทธิ์ต่อ|Einheit abgesagt; Guthabenrückgabe läuft|キャンセル済み。回数を返却中です|सत्र रद्द; क्रेडिट वापसी जारी है
已撤销|Reversed|Annulé|ยกเลิกรายการแล้ว|Rückgängig gemacht|取消済み|पूर्ववत किया गया
旧记录缺少余额快照，无法自动撤销|Old record has no balance snapshot; automatic reversal unavailable|Ancien enregistrement sans solde historique ; annulation automatique impossible|บันทึกเก่าไม่มียอดก่อนทำรายการ จึงยกเลิกอัตโนมัติไม่ได้|Alter Eintrag ohne Guthabenstand; automatische Rücknahme nicht möglich|旧記録には残高履歴がないため自動取消できません|पुराने रिकॉर्ड में शेष का स्नैपशॉट नहीं; स्वतः पूर्ववत नहीं हो सकता
撤销将扣回本次派发的课时，线下款项需另行核对|Reversal removes these granted credits. Check offline payment separately.|L'annulation retire ces crédits. Vérifiez le paiement séparément.|ยกเลิกจะหักสิทธิ์ที่แจกครั้งนี้ ตรวจสอบเงินแยกต่างหาก|Rücknahme zieht diese Gutschrift ab. Zahlung separat prüfen.|今回の付与回数を差し引きます。支払いは別途確認してください|पूर्ववत करने से दिए क्रेडिट कटेंगे। भुगतान अलग से जाँचें।
撤销人工核销，退回 1 课时并作废训练记录|Reverse manual check-in, return 1 credit and void the training record|Annuler la présence manuelle, rendre 1 crédit et invalider l'entraînement|ยกเลิกเช็กอินด้วยมือ คืน 1 สิทธิ์และยกเลิกบันทึกฝึก|Manuellen Check-in zurücknehmen, 1 Guthaben zurückgeben und Training entwerten|手動出席を取り消し、1回分返却して練習記録を無効にします|मैनुअल उपस्थिति पूर्ववत करें, 1 क्रेडिट लौटाएँ और प्रशिक्षण रिकॉर्ड अमान्य करें
恢复待核销状态，不重复退课|Restore pending check-in; no additional credit return|Rétablir la présence en attente, sans rendre un crédit supplémentaire|คืนสถานะรอเช็กอิน โดยไม่คืนสิทธิ์ซ้ำ|Check-in ausstehend wiederherstellen; keine weitere Guthabenrückgabe|未確認に戻します。回数は追加返却しません|उपस्थिति लंबित करें; अतिरिक्त क्रेडिट न लौटाएँ
撤销派发|Reverse credit grant|Annuler l'attribution|ยกเลิกการแจกสิทธิ์|Gutschrift zurücknehmen|付与を取消|क्रेडिट वितरण पूर्ववत करें
撤销核销|Reverse check-in|Annuler la présence|ยกเลิกเช็กอิน|Check-in zurücknehmen|出席を取消|उपस्थिति पूर्ववत करें
请选择有效的纠错记录|Select a valid record to correct|Choisissez un enregistrement valide|เลือกรายการแก้ไขที่ถูกต้อง|Gültigen Korrektureintrag wählen|有効な訂正対象を選んでください|सुधार के लिए मान्य रिकॉर्ड चुनें
派发记录已不存在，请刷新|Grant record unavailable. Refresh first.|Attribution introuvable. Actualisez.|ไม่พบรายการแจกสิทธิ์ โปรดรีเฟรช|Gutschrift nicht verfügbar. Aktualisieren.|付与記録がありません。更新してください|वितरण रिकॉर्ड उपलब्ध नहीं। रीफ़्रेश करें।
该派发已经撤销，请刷新记录|This grant was already reversed. Refresh records.|Cette attribution est déjà annulée. Actualisez.|รายการแจกสิทธิ์ถูกยกเลิกแล้ว โปรดรีเฟรช|Gutschrift bereits zurückgenommen. Aktualisieren.|付与は取消済みです。記録を更新してください|यह वितरण पहले ही पूर्ववत है। रिकॉर्ड रीफ़्रेश करें।
到场状态已变化，请刷新后重新核对|Attendance changed. Refresh and review again.|La présence a changé. Actualisez et vérifiez.|สถานะเข้าร่วมเปลี่ยนแล้ว โปรดรีเฟรชและตรวจสอบ|Anwesenheit geändert. Aktualisieren und prüfen.|出席状態が変わりました。更新して再確認してください|उपस्थिति बदल गई है। रीफ़्रेश करके जाँचें।
场次已取消，不能再撤销核销|Session cancelled; check-in reversal unavailable|Séance annulée ; annulation de présence impossible|คลาสยกเลิกแล้ว ย้อนเช็กอินไม่ได้|Einheit abgesagt; Check-in nicht mehr rücknehmbar|キャンセル済みのため出席を取り消せません|सत्र रद्द है; उपस्थिति पूर्ववत नहीं हो सकती
客户权益记录不可用，请先核对客户档案|Credits unavailable. Review the customer profile first.|Crédits indisponibles. Vérifiez le dossier client.|ข้อมูลสิทธิ์ใช้ไม่ได้ ตรวจสอบประวัติลูกค้าก่อน|Guthaben nicht verfügbar. Erst Kundenakte prüfen.|回数情報が利用できません。顧客情報を確認してください|क्रेडिट रिकॉर्ड उपलब्ध नहीं। ग्राहक की फ़ाइल जाँचें।
当前课时不足以撤销本次派发，请先核对已使用课时|Not enough credits to reverse this grant. Review usage first.|Crédits insuffisants pour annuler. Vérifiez leur utilisation.|สิทธิ์ไม่พอให้หักคืน ตรวจสอบสิทธิ์ที่ใช้แล้ว|Zu wenig Guthaben zur Rücknahme. Verbrauch prüfen.|取消に必要な残回数が不足しています。使用履歴を確認してください|वितरण पूर्ववत करने के लिए क्रेडिट कम हैं। उपयोग जाँचें।
本次续课已有后续使用或派发，不能直接撤销|This renewal has later usage or grants; direct reversal unavailable|Ce renouvellement a été suivi d'autres opérations ; annulation directe impossible|หลังต่ออายุมีการใช้หรือแจกสิทธิ์เพิ่ม ย้อนกลับตรงๆ ไม่ได้|Nach Verlängerung gab es Verbrauch oder Gutschriften; Rücknahme nicht möglich|更新後に使用・追加付与があるため直接取り消せません|नवीनीकरण के बाद उपयोग या वितरण हुआ है; सीधे पूर्ववत नहीं हो सकता
后续派发已改变有效期，请先撤销较新的派发记录|Later grants changed validity. Reverse newer grants first.|Une attribution ultérieure a changé la validité. Annulez-la d'abord.|รายการใหม่เปลี่ยนวันหมดอายุ ยกเลิกรายการใหม่ก่อน|Spätere Gutschrift änderte Gültigkeit. Erst neuere zurücknehmen.|後の付与で有効期限が変わりました。新しい付与から取り消してください|बाद के वितरण ने वैधता बदली। पहले नया वितरण पूर्ववत करें।
操作已撤销，余额与审计记录已更新|Operation reversed; balance and audit updated|Opération annulée ; solde et journal mis à jour|ยกเลิกรายการแล้ว อัปเดตยอดและประวัติแล้ว|Vorgang rückgängig; Guthaben und Protokoll aktualisiert|操作を取り消し、残高と監査記録を更新しました|कार्य पूर्ववत; शेष और ऑडिट अपडेट हुए
操作资料暂时无法读取，请刷新后重试|Operation details unavailable. Refresh and retry.|Détails indisponibles. Actualisez et réessayez.|อ่านรายละเอียดไม่ได้ โปรดรีเฟรชและลองใหม่|Vorgangsdaten nicht verfügbar. Aktualisieren und erneut versuchen.|操作情報を読み取れません。更新して再試行してください|कार्य विवरण नहीं पढ़ा जा सका। रीफ़्रेश करके पुनः प्रयास करें।
请核对训练主题、教练和起止时间|Check title, coach and start/end times|Vérifiez le titre, le coach et les horaires|ตรวจสอบหัวข้อ ครูฝึก และเวลาเริ่ม-จบ|Titel, Trainer und Zeiten prüfen|レッスン名、コーチ、開始・終了時間を確認してください|शीर्षक, प्रशिक्षक और शुरू/समाप्त समय जाँचें
确认修改排课|Confirm session changes|Confirmer les modifications|ยืนยันแก้ไขคลาส|Änderung bestätigen|予定変更を確認|सत्र बदलाव की पुष्टि करें
影响 {0} 位客户，已有预约随场次同步更新。|Affects {0} customers. Existing bookings follow the updated session.|Concerne {0} clients. Leurs réservations suivent la modification.|กระทบลูกค้า {0} คน การจองจะปรับตามคลาส|Betrifft {0} Kunden. Buchungen folgen der Änderung.|{0}名に影響します。既存の予約も更新されます。|{0} ग्राहकों पर असर। मौजूदा बुकिंग सत्र के साथ अपडेट होंगी।
排课修改未完成，请刷新后核对|Session change incomplete. Refresh and check.|Modification incomplète. Actualisez et vérifiez.|แก้ไขคลาสไม่สำเร็จ โปรดรีเฟรชตรวจสอบ|Änderung unvollständig. Aktualisieren und prüfen.|予定変更は未完了です。更新して確認してください|सत्र बदलाव अधूरा है। रीफ़्रेश करके जाँचें।
确认取消场次|Confirm session cancellation|Confirmer l'annulation|ยืนยันยกเลิกคลาส|Absage bestätigen|レッスン取消を確認|सत्र रद्द करने की पुष्टि करें
将退还 {0} 位客户各 1 次课时。|Return 1 credit each to {0} customers.|Rendre 1 crédit à chacun des {0} clients.|คืนลูกค้า {0} คน คนละ 1 สิทธิ์|Je 1 Guthaben an {0} Kunden zurückgeben.|{0}名にそれぞれ1回分を返却します。|{0} ग्राहकों को 1-1 क्रेडिट लौटाएँ।
{0} 位客户待退课|{0} customers awaiting credit return|{0} clients en attente de restitution|ลูกค้า {0} คนรอคืนสิทธิ์|{0} Kunden warten auf Guthabenrückgabe|{0}名への返却待ち|{0} ग्राहक क्रेडिट वापसी की प्रतीक्षा में
取消退课未完成，请刷新后继续退课|Cancellation returns incomplete. Refresh to continue.|Restitution incomplète. Actualisez pour continuer.|คืนสิทธิ์ไม่ครบ โปรดรีเฟรชเพื่อดำเนินต่อ|Guthabenrückgabe unvollständig. Aktualisieren und fortsetzen.|取消返却は未完了です。更新して続行してください|रद्द करने पर वापसी अधूरी है। रीफ़्रेश करके जारी रखें।
确认撤销操作|Confirm reversal|Confirmer l'annulation|ยืนยันย้อนรายการ|Rücknahme bestätigen|操作取消を確認|पूर्ववत करने की पुष्टि करें
撤销操作未完成，请刷新记录后核对|Reversal incomplete. Refresh records and check.|Annulation incomplète. Actualisez et vérifiez.|ย้อนรายการไม่สำเร็จ โปรดรีเฟรชตรวจสอบ|Rücknahme unvollständig. Aktualisieren und prüfen.|操作取消は未完了です。記録を更新して確認してください|पूर्ववत अधूरा है। रिकॉर्ड रीफ़्रेश करके जाँचें।
调整排课|Adjust session|Modifier la séance|ปรับคลาส|Einheit ändern|予定の調整|सत्र बदलें
操作纠错|Correct operations|Corriger les opérations|แก้ไขรายการ|Vorgänge korrigieren|操作の訂正|कार्य सुधारें
填写原因，保留原始记录与操作轨迹。|Record a reason. Original records and audit history are retained.|Indiquez un motif. Les données et leur historique sont conservés.|ระบุเหตุผล เก็บบันทึกต้นฉบับและประวัติการทำรายการ|Grund erfassen. Originaldaten und Verlauf bleiben erhalten.|理由を記録し、元の記録と操作履歴を保存します。|कारण दर्ज करें। मूल रिकॉर्ड और ऑडिट इतिहास सुरक्षित रहेंगे।
场次已取消，仍有客户待退课|Session cancelled; some credit returns pending|Séance annulée ; crédits encore à rendre|คลาสยกเลิกแล้ว ยังมีผู้รอคืนสิทธิ์|Einheit abgesagt; Guthabenrückgaben ausstehend|キャンセル済み。一部の返却が未完了です|सत्र रद्द; कुछ क्रेडिट वापसी लंबित हैं
场次已取消，退课已完成|Session cancelled; credit returns complete|Séance annulée ; crédits rendus|คลาสยกเลิกและคืนสิทธิ์ครบแล้ว|Einheit abgesagt; Guthaben zurückgegeben|キャンセル・返却が完了しました|सत्र रद्द; क्रेडिट वापसी पूरी हुई
受影响客户（{0}）|Affected customers ({0})|Clients concernés ({0})|ลูกค้าที่ได้รับผล ({0})|Betroffene Kunden ({0})|対象顧客（{0}）|प्रभावित ग्राहक ({0})
暂无受影响客户|No affected customers|Aucun client concerné|ไม่มีลูกค้าที่ได้รับผล|Keine betroffenen Kunden|対象顧客はいません|कोई प्रभावित ग्राहक नहीं
操作原因（必填）|Reason (required)|Motif (obligatoire)|เหตุผล (จำเป็น)|Grund (erforderlich)|操作理由（必須）|कारण (अनिवार्य)
保存排课修改|Save session changes|Enregistrer les modifications|บันทึกการแก้ไขคลาส|Änderungen speichern|予定変更を保存|सत्र बदलाव सहेजें
继续退课|Continue credit returns|Continuer la restitution|คืนสิทธิ์ต่อ|Guthabenrückgabe fortsetzen|返却を続行|क्रेडिट वापसी जारी रखें
取消场次并退课|Cancel and return credits|Annuler et rendre les crédits|ยกเลิกคลาสและคืนสิทธิ์|Absagen und Guthaben zurückgeben|取消して回数を返却|रद्द करें और क्रेडिट लौटाएँ
排课调整记录|Session change history|Historique des modifications|ประวัติปรับคลาส|Änderungsverlauf|予定変更履歴|सत्र बदलाव इतिहास
原因：{0}|Reason: {0}|Motif : {0}|เหตุผล: {0}|Grund: {0}|理由：{0}|कारण: {0}
派发与核销记录|Grants and check-ins|Attributions et présences|รายการแจกสิทธิ์และเช็กอิน|Gutschriften und Check-ins|付与・出席記録|वितरण और उपस्थिति रिकॉर्ड
撤销派发不代表退款，线下款项需另行核对。|Reversing credits does not refund money. Check offline payments separately.|Annuler les crédits ne rembourse pas l'argent. Vérifiez les paiements séparément.|ยกเลิกสิทธิ์ไม่ใช่คืนเงิน ตรวจสอบเงินแยกต่างหาก|Gutschrift zurücknehmen erstattet kein Geld. Zahlungen separat prüfen.|付与取消では返金されません。支払いは別途確認してください。|क्रेडिट पूर्ववत करना धन वापसी नहीं है। भुगतान अलग से जाँचें।
暂无可纠错记录|No records to correct|Aucun enregistrement à corriger|ไม่มีรายการให้แก้ไข|Keine Einträge zur Korrektur|訂正対象の記録はありません|सुधार के लिए कोई रिकॉर्ड नहीं
当前余额 {0} 次|Current balance: {0} credits|Solde actuel : {0} crédits|สิทธิ์คงเหลือ {0} ครั้ง|Aktuelles Guthaben: {0}|現在の残回数：{0}回|वर्तमान शेष: {0} क्रेडिट
撤销操作|Reverse operation|Annuler l'opération|ย้อนรายการ|Vorgang zurücknehmen|操作を取消|कार्य पूर्ववत करें
纠错审计记录|Correction audit history|Journal des corrections|ประวัติการแก้ไข|Korrekturprotokoll|訂正監査記録|सुधार ऑडिट इतिहास
暂无纠错记录|No correction history|Aucune correction|ยังไม่มีประวัติแก้ไข|Keine Korrekturen vorhanden|訂正履歴はありません|कोई सुधार इतिहास नहीं
余额：{0} → {1} 次|Balance: {0} → {1} credits|Solde : {0} → {1} crédits|ยอดสิทธิ์: {0} → {1} ครั้ง|Guthaben: {0} → {1}|残回数：{0} → {1}回|शेष: {0} → {1} क्रेडिट
调整 / 取消|Adjust / Cancel|Modifier / Annuler|ปรับ / ยกเลิก|Ändern / Absagen|調整 / 取消|बदलें / रद्द करें
查看取消记录|View cancellation history|Voir l'annulation|ดูบันทึกยกเลิก|Absage ansehen|取消記録を見る|रद्द इतिहास देखें
撤销误派发与误核销，查看审计记录|Reverse incorrect grants and check-ins; view audit history|Annuler les erreurs d'attribution ou de présence ; consulter le journal|ย้อนการแจกสิทธิ์และเช็กอินที่ผิด ดูประวัติ|Fehlerhafte Gutschriften und Check-ins zurücknehmen; Protokoll ansehen|誤付与・誤出席を取り消し、監査記録を確認|गलत वितरण और उपस्थिति पूर्ववत करें; ऑडिट देखें
排课与操作纠错|Sessions and corrections|Séances et corrections|คลาสและการแก้ไข|Einheiten und Korrekturen|予定・操作の訂正|सत्र और सुधार
排课调整：{0}|Session change: {0}|Modification : {0}|ปรับคลาส: {0}|Planänderung: {0}|予定変更：{0}|सत्र बदलाव: {0}
取消原因：{0}|Cancellation reason: {0}|Motif d'annulation : {0}|เหตุผลที่ยกเลิก: {0}|Absagegrund: {0}|取消理由：{0}|रद्द करने का कारण: {0}
场馆正在处理取消退课，请刷新预约记录|The gym is returning credits. Refresh bookings.|La salle rend les crédits. Actualisez vos réservations.|ยิมกำลังคืนสิทธิ์ โปรดรีเฟรชการจอง|Studio gibt Guthaben zurück. Buchungen aktualisieren.|施設で回数返却中です。予約を更新してください|जिम क्रेडिट लौटा रहा है। बुकिंग रीफ़्रेश करें।
场次已取消，不能继续核销|Session cancelled; check-in unavailable|Séance annulée ; présence indisponible|คลาสยกเลิกแล้ว เช็กอินไม่ได้|Einheit abgesagt; Check-in nicht möglich|取消済みのため出席確認できません|सत्र रद्द; उपस्थिति दर्ज नहीं कर सकते
场馆取消，退课处理中|Cancelled by gym; credit return pending|Annulé par la salle ; restitution en cours|ยิมยกเลิก กำลังคืนสิทธิ์|Studioabsage; Guthabenrückgabe läuft|施設キャンセル・回数返却中|जिम ने रद्द किया; क्रेडिट वापसी जारी
查看门店课程，安排下一场训练。|View location sessions and plan the next training.|Voir les séances de la salle et planifier la suivante.|ดูคลาสของสาขาและวางแผนคลาสถัดไป|Standortkurse ansehen und nächstes Training planen.|店舗のレッスンを確認し、次の練習を計画。|शाखा के सत्र देखें और अगला प्रशिक्षण तय करें।
本周 {0} 场 · 门店排期|{0} sessions this week · Location schedule|{0} séances cette semaine · Planning de la salle|สัปดาห์นี้ {0} คลาส · ตารางสาขา|{0} Einheiten diese Woche · Standortplan|今週{0}件・店舗の予定|इस सप्ताह {0} सत्र · शाखा समय-सारणी
