教练介绍|Coach profile|Présentation du coach|ข้อมูลโค้ช|Trainerprofil|コーチ紹介|कोच का परिचय
专注动作，练出进步。|Focus on technique. Keep progressing.|Des gestes précis, des progrès durables.|ใส่ใจท่าทาง ฝึกให้ก้าวหน้า|Technik im Fokus. Schritt für Schritt besser.|動きに集中。練習で前進。|तकनीक पर ध्यान दें, अभ्यास से आगे बढ़ें।
基本资料|Basics|Informations|ข้อมูลพื้นฐาน|Grunddaten|基本情報|मूल जानकारी
介绍与荣誉|Bio & achievements|Présentation et distinctions|ประวัติและเกียรติประวัติ|Vorstellung & Erfolge|紹介・実績|परिचय और उपलब्धियाँ
更换教练|Change coach|Changer|เปลี่ยนโค้ช|Wechseln|変更|कोच बदलें
选择|Select|Choisir|เลือก|Wählen|選択|चुनें
{0} 位教练|{0} coaches|{0} coachs|โค้ช {0} คน|{0} Trainer|コーチ {0} 名|{0} कोच
查看全部 {0} 位教练|View all {0} coaches|Voir les {0} coachs|ดูโค้ชทั้ง {0} คน|Alle {0} Trainer ansehen|全 {0} 名のコーチを見る|सभी {0} कोच देखें
继续下滑查看更多教练|Scroll for more coaches|Défiler pour voir plus de coachs|เลื่อนลงเพื่อดูโค้ชเพิ่มเติม|Für weitere Trainer nach unten scrollen|下へスクロールして他のコーチを見る|और कोच देखने के लिए नीचे स्क्रॉल करें
编辑教练资料|Edit coach profile|Modifier le profil du coach|แก้ไขข้อมูลโค้ช|Trainerprofil bearbeiten|コーチ情報を編集|कोच प्रोफ़ाइल संपादित करें
教练资料|Coach profile|Profil du coach|ข้อมูลโค้ช|Trainerprofil|コーチ情報|कोच प्रोफ़ाइल
我的教练资料|My coach profile|Mon profil de coach|ข้อมูลโค้ชของฉัน|Mein Trainerprofil|自分のコーチ情報|मेरी कोच प्रोफ़ाइल
完善介绍、荣誉和照片|Add your bio, achievements and photos|Ajouter présentation, distinctions et photos|เพิ่มประวัติ เกียรติประวัติ และรูปภาพ|Vorstellung, Erfolge und Fotos ergänzen|紹介・実績・写真を追加|परिचय, उपलब्धियाँ और फ़ोटो जोड़ें
查看教练介绍 ›|View coach profile ›|Voir le profil ›|ดูข้อมูลโค้ช ›|Trainerprofil ansehen ›|コーチ紹介を見る ›|कोच का परिचय देखें ›
选择这位教练|Choose this coach|Choisir ce coach|เลือกโค้ชคนนี้|Diesen Trainer auswählen|このコーチを選ぶ|इस कोच को चुनें
擅长领域|Specialties|Spécialités|ความเชี่ยวชาญ|Schwerpunkte|得意分野|विशेषज्ञता
个人介绍|About me|Présentation|แนะนำตัว|Über mich|自己紹介|व्यक्तिगत परिचय
荣誉与资质|Achievements and qualifications|Distinctions et qualifications|เกียรติประวัติและคุณสมบัติ|Erfolge und Qualifikationen|実績・資格|उपलब्धियाँ और योग्यताएँ
照片与证书|Photos and certificates|Photos et certificats|รูปภาพและใบรับรอง|Fotos und Zertifikate|写真・証明書|फ़ोटो और प्रमाणपत्र
点击照片查看大图|Tap a photo to enlarge|Touchez une photo pour l’agrandir|แตะรูปเพื่อดูภาพขนาดใหญ่|Foto zum Vergrößern antippen|写真をタップして拡大|बड़ा करने के लिए फ़ोटो पर टैप करें
教练暂未填写介绍|This coach has not added a bio yet|Ce coach n’a pas encore ajouté de présentation|โค้ชยังไม่ได้เพิ่มประวัติ|Dieser Trainer hat noch keine Vorstellung ergänzt|紹介はまだ登録されていません|कोच ने अभी परिचय नहीं जोड़ा है
选择教练后自行设置训练起止时间，请私下与教练确认安排。|Choose a coach, set your start and end time, and confirm the plan with them directly.|Choisissez un coach et vos horaires, puis confirmez directement avec lui.|เลือกโค้ชและเวลาเริ่มกับเวลาสิ้นสุด แล้วติดต่อโค้ชเพื่อยืนยัน|Trainer auswählen, Beginn und Ende festlegen und die Planung direkt abstimmen.|コーチと開始・終了時刻を選び、本人と直接予定を確認してください。|कोच और शुरू व समाप्ति का समय चुनें, फिर उनसे सीधे पुष्टि करें।
请先核对原预约，再选择教练|Check your pending booking before choosing a coach|Vérifiez la réservation en attente avant de choisir un coach|ตรวจสอบการจองเดิมก่อนเลือกโค้ช|Ausstehende Buchung vor der Trainerwahl prüfen|元の予約を確認してからコーチを選んでください|कोच चुनने से पहले लंबित बुकिंग जाँचें
让客户了解你|Let clients get to know you|Faites-vous connaître des clients|ให้ลูกค้ารู้จักคุณ|Kunden können Sie kennenlernen|お客様にあなたを知ってもらう|ग्राहकों को अपना परिचय दें
保存后，客户可在预约中查看介绍、荣誉和照片。|After saving, clients can view your bio, achievements and photos when booking.|Après enregistrement, les clients voient votre présentation, vos distinctions et photos lors de la réservation.|เมื่อบันทึกแล้ว ลูกค้าจะดูประวัติ เกียรติประวัติ และรูปภาพได้ขณะจอง|Nach dem Speichern sehen Kunden Ihre Vorstellung, Erfolge und Fotos bei der Buchung.|保存すると、予約画面で紹介・実績・写真が公開されます。|सहेजने के बाद ग्राहक बुकिंग में परिचय, उपलब्धियाँ और फ़ोटो देख सकते हैं।
只有教练或管理员可以编辑教练介绍|Only coaches or administrators can edit a coach profile|Seuls les coachs ou administrateurs peuvent modifier ce profil|เฉพาะโค้ชหรือผู้ดูแลเท่านั้นที่แก้ไขข้อมูลโค้ชได้|Nur Trainer oder Administratoren können Trainerprofile bearbeiten|コーチまたは管理者のみ編集できます|केवल कोच या व्यवस्थापक कोच प्रोफ़ाइल संपादित कर सकते हैं
上传头像|Upload avatar|Ajouter une photo de profil|อัปโหลดรูปโปรไฟล์|Profilbild hochladen|プロフィール写真をアップロード|प्रोफ़ाइल फ़ोटो अपलोड करें
头像上传后立即生效|Your avatar updates immediately after upload|La photo de profil est mise à jour dès l’envoi|รูปโปรไฟล์จะเปลี่ยนทันทีหลังอัปโหลด|Das Profilbild wird nach dem Upload sofort aktualisiert|アップロード後すぐに反映されます|अपलोड होते ही प्रोफ़ाइल फ़ोटो बदल जाती है
头像已更新|Avatar updated|Photo de profil mise à jour|อัปเดตรูปโปรไฟล์แล้ว|Profilbild aktualisiert|プロフィール写真を更新しました|प्रोफ़ाइल फ़ोटो अपडेट हुई
头像上传未完成，请重试|Avatar upload did not finish. Try again.|L’envoi de la photo de profil a échoué. Réessayez.|อัปโหลดรูปโปรไฟล์ไม่สำเร็จ โปรดลองอีกครั้ง|Profilbild wurde nicht hochgeladen. Erneut versuchen.|写真のアップロードが完了しませんでした。再試行してください|प्रोफ़ाइल फ़ोटो अपलोड अधूरा है। फिर कोशिश करें।
教练头衔|Coach title|Titre du coach|ตำแหน่งโค้ช|Trainertitel|コーチの肩書き|कोच का पद
例如：泰拳教练|For example: Muay Thai coach|Exemple : coach de boxe thaï|เช่น โค้ชมวยไทย|Zum Beispiel: Muay-Thai-Trainer|例：ムエタイコーチ|उदाहरण: मुए थाई कोच
资历与等级|Experience and level|Expérience et niveau|ประสบการณ์และระดับ|Erfahrung und Niveau|経歴・レベル|अनुभव और स्तर
填写执教资历或训练等级|Enter coaching experience or training level|Indiquez votre expérience ou niveau|ระบุประสบการณ์สอนหรือระดับการฝึก|Trainererfahrung oder Trainingsniveau eingeben|指導歴やトレーニングレベルを入力|प्रशिक्षण अनुभव या स्तर दर्ज करें
每行一项，最多10项|One per line, up to 10 items|Une par ligne, 10 maximum|หนึ่งรายการต่อบรรทัด สูงสุด 10 รายการ|Ein Eintrag pro Zeile, maximal 10|1行に1項目、最大10項目|प्रति पंक्ति एक, अधिकतम 10
介绍训练经历、教学风格和适合的学员|Describe your experience, teaching style and suitable clients|Décrivez votre parcours, votre pédagogie et les élèves concernés|แนะนำประสบการณ์ สไตล์การสอน และผู้เรียนที่เหมาะสม|Erfahrung, Unterrichtsstil und geeignete Teilnehmer beschreiben|経験・指導スタイル・対象の受講者を紹介|अनुभव, सिखाने की शैली और उपयुक्त ग्राहकों का परिचय दें
每行一项，填写比赛荣誉或教练认证|One per line: competition awards or coaching certificates|Une par ligne : distinctions ou certifications de coach|หนึ่งรายการต่อบรรทัด ระบุรางวัลหรือใบรับรองโค้ช|Eine Auszeichnung oder Trainerzertifizierung pro Zeile|1行に1項目、受賞歴や指導資格を入力|प्रति पंक्ति एक: प्रतियोगिता पुरस्कार या कोच प्रमाणन
最多6张，可上传训练照片、比赛照片或证书。|Up to 6 images: training, competitions or certificates.|Jusqu’à 6 images : entraînements, compétitions ou certificats.|สูงสุด 6 รูป เช่น การฝึก การแข่งขัน หรือใบรับรอง|Bis zu 6 Bilder: Training, Wettkämpfe oder Zertifikate.|練習・試合・証明書の写真を最大6枚登録できます。|अधिकतम 6 चित्र: प्रशिक्षण, प्रतियोगिता या प्रमाणपत्र।
移除照片|Remove photo|Retirer la photo|นำรูปออก|Foto entfernen|写真を削除|फ़ोटो हटाएँ
添加照片|Add photos|Ajouter des photos|เพิ่มรูปภาพ|Fotos hinzufügen|写真を追加|फ़ोटो जोड़ें
照片与文字需点击保存后公开展示|Save to publish your photos and text|Enregistrez pour publier photos et textes|กดบันทึกเพื่อเผยแพร่รูปภาพและข้อความ|Zum Veröffentlichen von Fotos und Text speichern|写真と文章は保存後に公開されます|फ़ोटो और पाठ प्रकाशित करने के लिए सहेजें
正在处理照片，请稍候…|Processing photos. Please wait…|Traitement des photos, veuillez patienter…|กำลังจัดการรูปภาพ โปรดรอสักครู่…|Fotos werden verarbeitet. Bitte warten…|写真を処理しています。お待ちください…|फ़ोटो तैयार हो रही हैं। कृपया प्रतीक्षा करें…
保存教练资料|Save coach profile|Enregistrer le profil|บันทึกข้อมูลโค้ช|Trainerprofil speichern|コーチ情報を保存|कोच प्रोफ़ाइल सहेजें
教练资料已保存|Coach profile saved|Profil du coach enregistré|บันทึกข้อมูลโค้ชแล้ว|Trainerprofil gespeichert|コーチ情報を保存しました|कोच प्रोफ़ाइल सहेजी गई
重新读取教练资料？|Reload coach profile?|Recharger le profil du coach ?|โหลดข้อมูลโค้ชใหม่หรือไม่|Trainerprofil neu laden?|コーチ情報を再読み込みしますか？|कोच प्रोफ़ाइल फिर लोड करें?
重新读取会丢弃尚未保存的修改。|Reloading discards unsaved changes.|Le rechargement supprime les modifications non enregistrées.|การโหลดใหม่จะทิ้งการแก้ไขที่ยังไม่ได้บันทึก|Beim Neuladen gehen ungespeicherte Änderungen verloren.|再読み込みすると未保存の変更が失われます。|फिर लोड करने पर न सहेजे बदलाव खो जाएँगे।
资料尚未保存，离开将丢失修改|Unsaved changes will be lost if you leave|Les modifications non enregistrées seront perdues en quittant|ยังไม่ได้บันทึก หากออกการแก้ไขจะหายไป|Beim Verlassen gehen ungespeicherte Änderungen verloren|未保存の変更はページを離れると失われます|बाहर जाने पर न सहेजे बदलाव खो जाएँगे
资料保存未完成，请刷新后核对|Saving did not finish. Refresh to check.|Enregistrement incomplet. Actualisez pour vérifier.|บันทึกไม่สำเร็จ โปรดรีเฟรชเพื่อตรวจสอบ|Speichern nicht abgeschlossen. Zum Prüfen aktualisieren.|保存が完了しませんでした。更新して確認してください|सहेजना अधूरा है। रीफ़्रेश करके जाँचें।
教练资料暂时无法读取，请稍后重试|Coach profile is unavailable. Try again later.|Profil indisponible. Réessayez plus tard.|ไม่สามารถอ่านข้อมูลโค้ชได้ โปรดลองภายหลัง|Trainerprofil nicht verfügbar. Später erneut versuchen.|コーチ情報を取得できません。後ほど再試行してください|कोच प्रोफ़ाइल उपलब्ध नहीं है। बाद में कोशिश करें।
教练暂不可预约，请返回重新选择|This coach is unavailable. Go back and choose another.|Ce coach est indisponible. Revenez et choisissez-en un autre.|โค้ชไม่พร้อมรับจอง โปรดกลับไปเลือกใหม่|Dieser Trainer ist nicht verfügbar. Zurückgehen und neu auswählen.|このコーチは予約できません。戻って選び直してください|यह कोच उपलब्ध नहीं है। वापस जाकर दूसरा चुनें।
教练头衔不能超过60个字符|Coach title must be at most 60 characters|Le titre est limité à 60 caractères|ตำแหน่งโค้ชต้องไม่เกิน 60 ตัวอักษร|Trainertitel darf maximal 60 Zeichen enthalten|肩書きは60文字以内で入力してください|कोच का पद अधिकतम 60 अक्षरों का हो
资历不能超过60个字符|Experience must be at most 60 characters|L’expérience est limitée à 60 caractères|ประสบการณ์ต้องไม่เกิน 60 ตัวอักษร|Erfahrung darf maximal 60 Zeichen enthalten|経歴は60文字以内で入力してください|अनुभव अधिकतम 60 अक्षरों का हो
个人介绍不能超过2000个字符|Bio must be at most 2,000 characters|La présentation est limitée à 2 000 caractères|ประวัติต้องไม่เกิน 2,000 ตัวอักษร|Vorstellung darf maximal 2.000 Zeichen enthalten|自己紹介は2000文字以内で入力してください|परिचय अधिकतम 2,000 अक्षरों का हो
最多10项擅长，每项不超过40个字符|Up to 10 specialties, 40 characters each|10 spécialités maximum, 40 caractères chacune|ความเชี่ยวชาญสูงสุด 10 รายการ รายการละไม่เกิน 40 ตัวอักษร|Maximal 10 Schwerpunkte mit jeweils 40 Zeichen|得意分野は最大10項目、各40文字以内|अधिकतम 10 विशेषज्ञताएँ, प्रत्येक 40 अक्षरों तक
最多10项荣誉，每项不超过200个字符|Up to 10 achievements, 200 characters each|10 distinctions maximum, 200 caractères chacune|เกียรติประวัติสูงสุด 10 รายการ รายการละไม่เกิน 200 ตัวอักษร|Maximal 10 Erfolge mit jeweils 200 Zeichen|実績は最大10項目、各200文字以内|अधिकतम 10 उपलब्धियाँ, प्रत्येक 200 अक्षरों तक
最多上传6张照片|Upload up to 6 photos|6 photos maximum|อัปโหลดได้สูงสุด 6 รูป|Maximal 6 Fotos hochladen|写真は最大6枚までです|अधिकतम 6 फ़ोटो अपलोड करें
请重新上传本人的图片|Please upload your own image again|Veuillez renvoyer votre propre image|โปรดอัปโหลดรูปของคุณเองอีกครั้ง|Eigenes Bild erneut hochladen|本人の画像を再アップロードしてください|अपना चित्र फिर अपलोड करें
请上传 JPG、PNG 或 WebP 图片|Upload a JPG, PNG or WebP image|Envoyez une image JPG, PNG ou WebP|โปรดอัปโหลดรูป JPG, PNG หรือ WebP|JPG-, PNG- oder WebP-Bild hochladen|JPG・PNG・WebP形式の画像を選んでください|JPG, PNG या WebP चित्र अपलोड करें
图片上传未完成或已失效，请重新上传|The image upload is incomplete or expired. Upload again.|Envoi incomplet ou image expirée. Renvoyez-la.|อัปโหลดรูปไม่สำเร็จหรือรูปหมดอายุ โปรดอัปโหลดใหม่|Bild unvollständig oder nicht mehr verfügbar. Erneut hochladen.|画像が未アップロードまたは無効です。再アップロードしてください|चित्र अधूरा अपलोड हुआ या उपलब्ध नहीं है। फिर अपलोड करें।
头像已在其他页面更新，请刷新后重试|Your avatar changed elsewhere. Refresh and try again.|Photo de profil modifiée ailleurs. Actualisez et réessayez.|รูปโปรไฟล์ถูกเปลี่ยนในหน้าอื่น โปรดรีเฟรชแล้วลองใหม่|Profilbild wurde anderswo geändert. Aktualisieren und erneut versuchen.|別のページで写真が更新されました。更新後に再試行してください|प्रोफ़ाइल फ़ोटो कहीं और बदल गई है। रीफ़्रेश करके फिर कोशिश करें।
教练资料已更新，请重新读取后再编辑|Coach profile changed. Reload before editing.|Profil modifié. Rechargez avant de le modifier.|ข้อมูลโค้ชเปลี่ยนแล้ว โปรดโหลดใหม่ก่อนแก้ไข|Trainerprofil wurde geändert. Vor der Bearbeitung neu laden.|コーチ情報が更新されました。再読み込みして編集してください|कोच प्रोफ़ाइल बदल गई है। संपादन से पहले फिर लोड करें।
无法选择照片，请在微信设置中允许访问相册或相机|Cannot select photos. Allow photo or camera access in WeChat settings.|Sélection impossible. Autorisez l’accès aux photos ou à la caméra dans WeChat.|เลือกรูปไม่ได้ โปรดอนุญาตการเข้าถึงอัลบั้มหรือกล้องในการตั้งค่า WeChat|Fotoauswahl nicht möglich. In WeChat Zugriff auf Fotos oder Kamera erlauben.|写真を選択できません。WeChat設定で写真またはカメラを許可してください|फ़ोटो नहीं चुन सकते। WeChat सेटिंग में फ़ोटो या कैमरे की अनुमति दें।
无法读取照片，请重新选择图片|Cannot read the photo. Select an image again.|Photo illisible. Sélectionnez une autre image.|อ่านรูปไม่ได้ โปรดเลือกรูปใหม่|Foto kann nicht gelesen werden. Bild erneut auswählen.|写真を読み込めません。選び直してください|फ़ोटो नहीं पढ़ सकते। चित्र फिर चुनें।
照片压缩后仍超过2MB，请选择较小的图片|Photo still exceeds 2 MB after compression. Choose a smaller image.|Photo supérieure à 2 Mo après compression. Choisissez une image plus petite.|รูปยังเกิน 2MB หลังบีบอัด โปรดเลือกรูปที่เล็กกว่า|Foto nach Komprimierung über 2 MB. Kleineres Bild auswählen.|圧縮後も2MBを超えています。小さい画像を選んでください|संपीड़न के बाद भी फ़ोटो 2MB से बड़ी है। छोटा चित्र चुनें।
照片上传未获授权，请联系场馆检查图片上传权限|Photo upload is not authorized. Ask the venue to check upload access.|Envoi non autorisé. Demandez à la salle de vérifier les droits.|ไม่มีสิทธิ์อัปโหลดรูป โปรดติดต่อสถานที่เพื่อตรวจสอบสิทธิ์|Foto-Upload nicht autorisiert. Studio um Prüfung der Berechtigung bitten.|写真アップロードが許可されていません。施設に確認してください|फ़ोटो अपलोड की अनुमति नहीं है। केंद्र से अनुमति जाँचने को कहें।
照片上传失败，请检查网络后重试|Photo upload failed. Check your connection and try again.|Échec de l’envoi. Vérifiez votre connexion et réessayez.|อัปโหลดรูปไม่สำเร็จ โปรดตรวจสอบเครือข่ายแล้วลองใหม่|Foto-Upload fehlgeschlagen. Verbindung prüfen und erneut versuchen.|写真をアップロードできません。通信を確認し再試行してください|फ़ोटो अपलोड विफल हुआ। नेटवर्क जाँचकर फिर कोशिश करें।
照片上传未完成，请重试|Photo upload did not finish. Try again.|Envoi de photo incomplet. Réessayez.|อัปโหลดรูปไม่เสร็จ โปรดลองอีกครั้ง|Foto-Upload nicht abgeschlossen. Erneut versuchen.|写真のアップロードが完了しませんでした。再試行してください|फ़ोटो अपलोड अधूरा है। फिर कोशिश करें।

选择照片前，请阅读并同意隐私保护协议。|Read and agree to the privacy policy before selecting photos.|Lisez et acceptez la politique de confidentialité avant de choisir des photos.|โปรดอ่านและยอมรับนโยบายความเป็นส่วนตัวก่อนเลือกรูป|Vor der Fotoauswahl Datenschutzerklärung lesen und zustimmen.|写真を選ぶ前にプライバシーポリシーを読み、同意してください。|फ़ोटो चुनने से पहले गोपनीयता नीति पढ़ें और सहमत हों।
隐私授权未完成，请重试|Privacy authorization is incomplete. Try again.|Autorisation de confidentialité incomplète. Réessayez.|การอนุญาตความเป็นส่วนตัวยังไม่เสร็จ โปรดลองอีกครั้ง|Datenschutzfreigabe nicht abgeschlossen. Erneut versuchen.|プライバシー同意が完了していません。再試行してください|गोपनीयता अनुमति अधूरी है। फिर कोशिश करें।
隐私授权状态无法确认，请稍后重试|Cannot check privacy authorization. Try again later.|Impossible de vérifier l’autorisation. Réessayez plus tard.|ตรวจสอบสถานะความเป็นส่วนตัวไม่ได้ โปรดลองภายหลัง|Datenschutzfreigabe nicht prüfbar. Später erneut versuchen.|プライバシー同意の状態を確認できません。後ほど再試行してください|गोपनीयता अनुमति की जाँच नहीं हुई। बाद में कोशिश करें।
照片暂时无法打开，请检查网络后重试|Cannot open this photo. Check your connection and try again.|Photo indisponible. Vérifiez votre connexion et réessayez.|เปิดรูปไม่ได้ โปรดตรวจสอบเครือข่ายแล้วลองใหม่|Foto nicht verfügbar. Verbindung prüfen und erneut versuchen.|写真を開けません。通信を確認して再試行してください|फ़ोटो नहीं खुल सकती। नेटवर्क जाँचकर फिर कोशिश करें।
