请选择有效的预约日期|Choose a valid booking date|Choisissez une date valide|เลือกวันที่จองที่ถูกต้อง|Gültiges Buchungsdatum wählen|有効な予約日を選択してください|मान्य बुकिंग तारीख चुनें
请选择有效的开始和结束时间|Choose valid start and end times|Choisissez des heures valides|เลือกเวลาเริ่มและสิ้นสุดที่ถูกต้อง|Gültige Start- und Endzeit wählen|有効な開始・終了時刻を選択してください|मान्य आरंभ और समाप्ति समय चुनें
请选择未来时间，结束时间须晚于开始时间|Choose a future time; end must be after start|Choisissez une heure future, fin après début|เลือกเวลาในอนาคต เวลาสิ้นสุดต้องหลังเวลาเริ่ม|Zukünftige Zeit wählen; Ende nach Beginn|未来の時刻を選択し、終了は開始より後にしてください|भविष्य का समय चुनें; अंत शुरुआत के बाद हो
请先选择教练和预约时间|Choose a coach and booking time first|Choisissez d’abord un coach et un horaire|เลือกโค้ชและเวลาจองก่อน|Zuerst Trainer und Zeit wählen|先にコーチと予約時間を選択してください|पहले प्रशिक्षक और समय चुनें
待确认预约参数已变化，请核对原预约|Pending booking changed. Check the original booking|Réservation en attente modifiée. Vérifiez l’original|ข้อมูลการจองที่รอยืนยันเปลี่ยน กรุณาตรวจสอบรายการเดิม|Offene Buchung geändert. Ursprüngliche Buchung prüfen|確認待ち予約の内容が変更されました。元の予約を確認してください|लंबित बुकिंग बदली है। मूल बुकिंग जाँचें
教练已停用或身份已变化，请重新选择|Coach unavailable or role changed. Choose again|Coach indisponible ou rôle modifié. Choisissez à nouveau|โค้ชไม่พร้อมหรือสิทธิ์เปลี่ยน กรุณาเลือกใหม่|Trainer inaktiv oder Rolle geändert. Erneut wählen|コーチが無効または役割変更済みです。選び直してください|प्रशिक्षक अनुपलब्ध या भूमिका बदली है। फिर चुनें
专属预约仅支持未来七天，请重新选择日期|Private bookings cover the next seven days. Choose again|Réservation privée sur les sept prochains jours. Choisissez à nouveau|จองส่วนตัวได้ภายในเจ็ดวันถัดไป กรุณาเลือกใหม่|Privatbuchungen für die nächsten sieben Tage. Erneut wählen|個人予約は今後7日間です。日付を選び直してください|निजी बुकिंग अगले सात दिनों के लिए है। फिर चुनें
教练在该时间已有训练，请选择其他时间|Coach has training at this time. Choose another time|Le coach a déjà un cours. Choisissez un autre horaire|โค้ชมีฝึกในเวลานี้แล้ว กรุณาเลือกเวลาอื่น|Trainer hat bereits Training. Andere Zeit wählen|この時間にコーチの予定があります。別の時間を選択してください|प्रशिक्षक का इस समय प्रशिक्षण है। दूसरा समय चुनें
你在该时间已有训练预约，请选择其他时间|You already have training at this time. Choose another time|Vous avez déjà un cours. Choisissez un autre horaire|คุณมีการจองฝึกในเวลานี้แล้ว กรุณาเลือกเวลาอื่น|Sie haben bereits Training. Andere Zeit wählen|この時間に予約があります。別の時間を選択してください|इस समय आपका प्रशिक्षण है। दूसरा समय चुनें
专属训练预约|Private training booking|Réservation privée|จองฝึกส่วนตัว|Privattraining buchen|個人トレーニング予約|निजी प्रशिक्षण बुकिंग
客户直接预约专属训练|Customer booked private training directly|Réservation privée directe du client|ลูกค้าจองฝึกส่วนตัวโดยตรง|Direkte Privatbuchung des Kunden|顧客による個人トレーニング直接予約|ग्राहक ने सीधे निजी प्रशिक्षण बुक किया
专属训练预约成功，请与教练私下确认训练安排|Private training booked. Confirm arrangements with your coach|Réservation réussie. Confirmez avec votre coach|จองฝึกส่วนตัวแล้ว กรุณายืนยันรายละเอียดกับโค้ช|Privattraining gebucht. Mit dem Trainer abstimmen|個人トレーニングを予約しました。コーチと直接ご相談ください|निजी प्रशिक्षण बुक हुआ। प्रशिक्षक से व्यवस्था की पुष्टि करें
权益在训练日期已到期，请联系场馆续课|Entitlement expires before training. Contact the gym to renew|Droits expirés à la date du cours. Contactez le centre|สิทธิ์หมดอายุก่อนวันฝึก กรุณาต่อแพ็กเกจกับสาขา|Guthaben am Trainingstag abgelaufen. Studio kontaktieren|トレーニング日に利用権が期限切れです。施設にご相談ください|प्रशिक्षण तारीख पर अधिकार समाप्त है। नवीनीकरण के लिए संपर्क करें
请先选择预约教练|Choose your coach first|Choisissez d’abord votre coach|เลือกโค้ชที่จะจองก่อน|Zuerst Trainer wählen|先に予約するコーチを選択してください|पहले प्रशिक्षक चुनें
确认专属训练预约|Confirm private booking|Confirmer la réservation privée|ยืนยันจองฝึกส่วนตัว|Privatbuchung bestätigen|個人予約を確認|निजी बुकिंग की पुष्टि
使用期限内无限次权益，不扣减次数余额。|Use unlimited entitlement within its validity; lesson balance unchanged.|Utilisation illimitée pendant la validité ; solde inchangé.|ใช้สิทธิ์ไม่จำกัดในระยะเวลา ไม่หักจำนวนครั้ง|Unbegrenztes Training im Gültigkeitszeitraum; Guthaben unverändert.|期限内の無制限利用権を使用し、回数残高は減りません。|वैध अवधि में असीमित अधिकार उपयोग करें; सत्र शेष नहीं घटेगा।
本次预约使用 1 次专属训练权益。|This booking uses one private lesson.|Cette réservation utilise une séance privée.|การจองนี้ใช้สิทธิ์ฝึกส่วนตัวหนึ่งครั้ง|Diese Buchung verwendet eine Privateinheit.|この予約は個人レッスン1回を使用します。|इस बुकिंग में एक निजी सत्र उपयोग होगा।
请私下与教练确认训练安排。开课前 2 小时可取消。|Confirm arrangements with your coach. Cancel more than 2 hours before training.|Confirmez avec le coach. Annulation plus de 2 heures avant.|ยืนยันรายละเอียดกับโค้ช ยกเลิกได้ก่อนเริ่มมากกว่า 2 ชั่วโมง|Mit dem Trainer abstimmen. Stornierung mehr als 2 Stunden vorher.|コーチと直接調整してください。開始2時間より前まで取消可能です。|प्रशिक्षक से व्यवस्था की पुष्टि करें। प्रशिक्षण से 2 घंटे से अधिक पहले रद्द कर सकते हैं।
无限|Unlimited|Illimité|ไม่จำกัด|Unbegrenzt|無制限|असीमित
使用期限内无限次权益|Use valid unlimited entitlement|Utiliser les droits illimités valides|ใช้สิทธิ์ไม่จำกัดที่ยังมีผล|Gültige unbegrenzte Berechtigung nutzen|期限内の無制限利用権を使用|वैध असीमित अधिकार उपयोग करें
选择预约教练|Choose your coach|Choisissez votre coach|เลือกโค้ชที่จะจอง|Trainer wählen|予約するコーチを選択|प्रशिक्षक चुनें
无需等待教练发布课程，选择教练后自行设置训练时间。|Choose a coach and set your time without waiting for a published class.|Choisissez un coach et votre horaire sans attendre un cours publié.|เลือกโค้ชแล้วตั้งเวลาฝึกเอง ไม่ต้องรอประกาศคลาส|Trainer wählen und Zeit selbst festlegen, ohne veröffentlichten Kurs.|コース公開を待たず、コーチとトレーニング時間を選べます。|कक्षा प्रकाशित होने की प्रतीक्षा बिना प्रशिक्षक और अपना समय चुनें।
选择教练|Choose coach|Choisir un coach|เลือกโค้ช|Trainer wählen|コーチを選択|प्रशिक्षक चुनें
暂无可预约教练，请联系场馆|No bookable coaches. Contact the gym|Aucun coach disponible. Contactez le centre|ยังไม่มีโค้ชให้จอง กรุณาติดต่อสาขา|Keine buchbaren Trainer. Studio kontaktieren|予約可能なコーチがいません。施設にご相談ください|कोई बुक करने योग्य प्रशिक्षक नहीं। केंद्र से संपर्क करें
开始时间|Start time|Heure de début|เวลาเริ่ม|Startzeit|開始時刻|आरंभ समय
结束时间|End time|Heure de fin|เวลาสิ้นสุด|Endzeit|終了時刻|समाप्ति समय
教练当天已占用时段|Coach’s booked times today|Créneaux occupés du coach ce jour|เวลาที่โค้ชไม่ว่างในวันนั้น|Belegte Trainerzeiten an diesem Tag|コーチの当日の予定|उस दिन प्रशिक्षक के व्यस्त समय
暂无已占用时段|No booked times|Aucun créneau occupé|ยังไม่มีเวลาที่ถูกจอง|Keine belegten Zeiten|予約済み時間なし|कोई व्यस्त समय नहीं
预约专属训练|Book private training|Réserver un cours privé|จองฝึกส่วนตัว|Privattraining buchen|個人トレーニングを予約|निजी प्रशिक्षण बुक करें
预约结果待确认|Booking result pending|Résultat en attente|รอผลยืนยันการจอง|Buchung noch unbestätigt|予約結果の確認待ち|बुकिंग परिणाम लंबित
请先核对原预约结果，再发起其他预约。|Check the original result before making another booking.|Vérifiez la réservation initiale avant d’en créer une autre.|ตรวจสอบผลรายการเดิมก่อนจองใหม่|Ursprüngliche Buchung prüfen, bevor Sie erneut buchen.|元の予約結果を確認してから別の予約を行ってください。|नई बुकिंग से पहले मूल परिणाम जाँचें।
核对原预约|Check original booking|Vérifier la réservation|ตรวจสอบการจองเดิม|Ursprüngliche Buchung prüfen|元の予約を確認|मूल बुकिंग जाँचें
期限内无限次 · ¥{0}|Unlimited within validity · ¥{0}|Illimité pendant la validité · ¥{0}|ไม่จำกัดในระยะเวลา · ¥{0}|Unbegrenzt im Zeitraum · ¥{0}|期限内無制限 · ¥{0}|वैध अवधि में असीमित · ¥{0}
使用方式|Usage mode|Mode d’utilisation|รูปแบบการใช้|Nutzungsart|利用方式|उपयोग प्रकार
按次数|Per lesson|Par séance|ตามจำนวนครั้ง|Nach Einheiten|回数制|प्रति सत्र
期限内无限次|Unlimited within validity|Illimité pendant la validité|ไม่จำกัดในระยะเวลา|Unbegrenzt im Zeitraum|期限内無制限|वैध अवधि में असीमित
有效期 {0} 天 · 无限次|Valid {0} days · unlimited|Valable {0} jours · illimité|ใช้ได้ {0} วัน · ไม่จำกัด|{0} Tage gültig · unbegrenzt|有効期間 {0} 日 · 無制限|{0} दिन वैध · असीमित
派发期限内无限次权益，次数余额保持不变。|Grant unlimited access within validity; lesson balance unchanged.|Attribuer un accès illimité ; solde de séances inchangé.|มอบสิทธิ์ไม่จำกัดในระยะเวลา จำนวนครั้งเดิมไม่เปลี่ยน|Unbegrenzten Zugang vergeben; Einheitenguthaben unverändert.|期限内無制限権を付与し、回数残高は維持します。|वैध अवधि में असीमित अधिकार दें; सत्र शेष नहीं बदलेगा।
撤销将恢复原无限次有效期，次数余额保持不变|Reversal restores the prior unlimited period; lesson balance unchanged|Annulation rétablit la validité illimitée précédente ; solde inchangé|ย้อนกลับจะคืนระยะเวลาไม่จำกัดเดิม จำนวนครั้งไม่เปลี่ยน|Widerruf stellt vorherigen Zeitraum wieder her; Guthaben unverändert|撤回で元の無制限有効期間を復元し、回数残高は維持|वापसी पर पुरानी असीमित अवधि बहाल होगी; सत्र शेष वही रहेगा
作废人工训练记录，无限次权益保持不变|Void manual training; unlimited entitlement unchanged|Annuler l’entraînement manuel ; accès illimité inchangé|ยกเลิกบันทึกฝึกด้วยมือ สิทธิ์ไม่จำกัดไม่เปลี่ยน|Manuelles Training aufheben; Berechtigung unverändert|手動トレーニング記録を無効化し、無制限権は維持|मैन्युअल प्रशिक्षण रद्द; असीमित अधिकार वही रहेगा
请先撤销较新的无限次派发记录|Reverse newer unlimited grants first|Annulez d’abord les attributions illimitées récentes|ย้อนกลับรายการมอบสิทธิ์ไม่จำกัดใหม่กว่าก่อน|Zuerst neuere unbegrenzte Vergaben widerrufen|新しい無制限付与を先に撤回してください|पहले नई असीमित अनुमतियाँ वापस लें
无限次权益已用于预约或核销，请先核对训练记录|Unlimited entitlement already used. Check training records first|Accès illimité déjà utilisé. Vérifiez les entraînements|สิทธิ์ไม่จำกัดถูกใช้แล้ว กรุณาตรวจสอบบันทึกฝึกก่อน|Berechtigung bereits genutzt. Trainings prüfen|無制限権は利用済みです。トレーニング記録を確認してください|असीमित अधिकार उपयोग हो चुका। प्रशिक्षण रिकॉर्ड जाँचें
预约已取消，无限次权益保持不变|Booking cancelled; unlimited entitlement unchanged|Réservation annulée ; accès illimité inchangé|ยกเลิกการจองแล้ว สิทธิ์ไม่จำกัดไม่เปลี่ยน|Buchung storniert; Berechtigung unverändert|予約を取消しました。無制限権は維持されます|बुकिंग रद्द; असीमित अधिकार वही रहेगा
人工核销成功，使用有效期内无限次权益|Manual check-in confirmed using unlimited entitlement|Présence manuelle confirmée avec accès illimité|เช็คอินด้วยมือแล้ว ใช้สิทธิ์ไม่จำกัดในระยะเวลา|Manuelle Teilnahme mit unbegrenzter Berechtigung bestätigt|期限内の無制限権で手動核销しました|असीमित अधिकार से मैन्युअल उपस्थिति सफल
请通过选择教练和时间预约专属训练|Book private training by choosing a coach and time|Réservez en choisissant un coach et un horaire|จองส่วนตัวโดยเลือกโค้ชและเวลา|Privattraining über Trainer und Zeit buchen|コーチと時間を選んで個人トレーニングを予約してください|प्रशिक्षक और समय चुनकर निजी प्रशिक्षण बुक करें
专属预约未完成，请刷新后核对教练和时间|Private booking failed. Refresh and check coach and time|Réservation privée échouée. Actualisez et vérifiez|จองส่วนตัวไม่สำเร็จ รีเฟรชและตรวจโค้ชกับเวลา|Privatbuchung fehlgeschlagen. Trainer und Zeit prüfen|個人予約できませんでした。更新してコーチと時間を確認してください|निजी बुकिंग असफल। प्रशिक्षक और समय जाँचें
原预约已取消，请查看我的预约记录|Original booking cancelled. Check My bookings|Réservation initiale annulée. Consultez vos réservations|รายการเดิมยกเลิกแล้ว ตรวจสอบการจองของฉัน|Ursprüngliche Buchung storniert. Meine Buchungen prüfen|元の予約は取消済みです。予約履歴をご確認ください|मूल बुकिंग रद्द है। मेरी बुकिंग देखें
有效期内优先使用无限次权益；否则扣减 1 课时，已有预约不重复扣课。|Use valid unlimited access first; otherwise use one lesson. Existing bookings are not charged twice.|Accès illimité valide prioritaire, sinon une séance. Pas de double débit pour réservation existante.|ใช้สิทธิ์ไม่จำกัดก่อน หากไม่มีหักหนึ่งครั้ง ไม่หักซ้ำเมื่อจองแล้ว|Gültigen unbegrenzten Zugang zuerst nutzen, sonst eine Einheit. Keine doppelte Abbuchung.|期限内無制限を優先使用し、他は1回使用。予約済み分を重複消費しません。|पहले वैध असीमित अधिकार, अन्यथा एक सत्र। मौजूदा बुकिंग में दोहरा शुल्क नहीं।
调整后的训练日期超出客户预约权益期限，请先核对套餐|New training date exceeds the booked entitlement period. Check the package|Nouvelle date hors validité des droits réservés. Vérifiez le forfait|วันฝึกใหม่อยู่นอกระยะเวลาสิทธิ์ที่จอง กรุณาตรวจแพ็กเกจ|Neuer Trainingstag außerhalb der gebuchten Gültigkeit. Paket prüfen|変更後の日付は予約利用権の期限外です。パッケージを確認してください|नई प्रशिक्षण तारीख बुक किए अधिकार अवधि से बाहर है। पैकेज जाँचें
次数余额 {0} 次|Lesson balance: {0}|Solde de séances : {0}|จำนวนครั้งคงเหลือ {0}|Einheitenguthaben: {0}|回数残高 {0} 回|सत्र शेष: {0}
