查看门店介绍与位置 ↗|About this venue and its location ↗|Présentation et emplacement du club ↗|ดูข้อมูลและที่ตั้งสาขา ↗|Studio und Standort ansehen ↗|店舗紹介・アクセスを見る ↗|शाखा का परिचय और स्थान देखें ↗
门店详情|Venue details|Détails du club|รายละเอียดสาขา|Studiodetails|店舗詳細|शाखा का विवरण
选择训练门店|Choose a training venue|Choisir un club|เลือกสาขาสำหรับฝึก|Trainingsstudio auswählen|トレーニング店舗を選択|प्रशिक्षण शाखा चुनें
按距离由近到远排列|Nearest venues first|Clubs classés du plus proche au plus éloigné|เรียงจากใกล้ไปไกล|Nach Entfernung sortiert|近い店舗から表示|निकटतम शाखा पहले
开启定位，查看附近门店距离|Enable location to see nearby venue distances|Activez la localisation pour voir les distances|เปิดตำแหน่งเพื่อดูระยะทางไปสาขาใกล้เคียง|Standort aktivieren, um Entfernungen zu sehen|位置情報を有効にして店舗までの距離を確認|आसपास की शाखाओं की दूरी देखने के लिए स्थान चालू करें
定位中…|Locating…|Localisation…|กำลังค้นหาตำแหน่ง…|Standort wird ermittelt…|位置を確認中…|स्थान खोजा जा रहा है…
刷新距离|Refresh distances|Actualiser les distances|อัปเดตระยะทาง|Entfernungen aktualisieren|距離を更新|दूरी अपडेट करें
查看距离|Show distances|Voir les distances|ดูระยะทาง|Entfernungen anzeigen|距離を見る|दूरी देखें
开启定位权限|Enable location permission|Autoriser la localisation|อนุญาตการเข้าถึงตำแหน่ง|Standortzugriff erlauben|位置情報を許可|स्थान की अनुमति दें
约 {0} 米|About {0} m|Environ {0} m|ประมาณ {0} ม.|Etwa {0} m|約 {0} m|लगभग {0} मीटर
约 {0} 公里|About {0} km|Environ {0} km|ประมาณ {0} กม.|Etwa {0} km|約 {0} km|लगभग {0} किमी
直线距离约 {0} 米|About {0} m in a straight line|À environ {0} m à vol d’oiseau|ระยะทางตรงประมาณ {0} ม.|Luftlinie etwa {0} m|直線距離 約 {0} m|सीधी दूरी लगभग {0} मीटर
直线距离约 {0} 公里|About {0} km in a straight line|À environ {0} km à vol d’oiseau|ระยะทางตรงประมาณ {0} กม.|Luftlinie etwa {0} km|直線距離 約 {0} km|सीधी दूरी लगभग {0} किमी
位置待完善|Location not yet set|Emplacement à préciser|ยังไม่ได้ระบุที่ตั้ง|Standort noch nicht hinterlegt|位置情報未登録|स्थान अभी दर्ज नहीं है
查看详情 ›|View details ›|Voir les détails ›|ดูรายละเอียด ›|Details ansehen ›|詳細を見る ›|विवरण देखें ›
门店介绍|About the venue|Présentation du club|ข้อมูลสาขา|Über das Studio|店舗紹介|शाखा का परिचय
门店介绍正在完善，欢迎到店了解。|The venue profile is being updated. Visit us to learn more.|La présentation est en cours. Venez découvrir le club.|กำลังเพิ่มข้อมูลสาขา แวะมาดูสถานที่ได้|Das Studioprofil wird ergänzt. Besuchen Sie uns vor Ort.|店舗紹介は準備中です。ぜひご来店ください。|शाखा का परिचय तैयार हो रहा है। अधिक जानने के लिए आएँ।
营业时间|Opening hours|Horaires d’ouverture|เวลาทำการ|Öffnungszeiten|営業時間|खुलने का समय
门店位置|Venue location|Emplacement du club|ที่ตั้งสาขา|Studiostandort|店舗の場所|शाखा का स्थान
门店尚未设置地图位置，暂无法计算距离。|This venue has no map location yet, so its distance is unavailable.|Le club n’a pas encore de position sur la carte ; la distance est indisponible.|สาขายังไม่ได้ตั้งตำแหน่งบนแผนที่ จึงคำนวณระยะทางไม่ได้|Für dieses Studio fehlt der Kartenstandort. Die Entfernung ist nicht verfügbar.|地図上の位置が未登録のため、距離を計算できません。|शाखा का नक्शे वाला स्थान दर्ज नहीं है, इसलिए दूरी उपलब्ध नहीं है।
复制地址|Copy address|Copier l’adresse|คัดลอกที่อยู่|Adresse kopieren|住所をコピー|पता कॉपी करें
地图导航|Directions|Itinéraire|นำทาง|Route anzeigen|地図で案内|रास्ता देखें
到店指引|Getting here|Accès au club|วิธีเดินทางมาสาขา|Anfahrt|アクセス案内|यहाँ कैसे पहुँचें
联系电话|Contact number|Téléphone|เบอร์ติดต่อ|Telefonnummer|連絡先電話番号|संपर्क नंबर
拨打电话|Call|Appeler|โทร|Anrufen|電話をかける|फ़ोन करें
场馆实景|Venue photos|Photos du club|รูปสถานที่จริง|Studiofotos|施設写真|जिम की तस्वीरें
距离为直线距离，实际路线请查看导航。|Distances are straight-line estimates. Check directions for the actual route.|Les distances sont à vol d’oiseau. Consultez l’itinéraire pour le trajet réel.|ระยะทางเป็นเส้นตรง ดูการนำทางสำหรับเส้นทางจริง|Entfernungen sind Luftlinien. Die tatsächliche Route finden Sie in der Navigation.|距離は直線距離です。実際の経路は地図でご確認ください。|दूरी सीधी रेखा में है। असली रास्ता जानने के लिए दिशा-निर्देश देखें।
继续选择当前门店|Keep this venue|Garder ce club|ใช้สาขาปัจจุบันต่อ|Aktuelles Studio beibehalten|現在の店舗を選択|इसी शाखा को रखें
选择这家门店|Choose this venue|Choisir ce club|เลือกสาขานี้|Dieses Studio auswählen|この店舗を選択|यह शाखा चुनें
地图选点|Choose on map|Choisir sur la carte|เลือกตำแหน่งบนแผนที่|Auf Karte auswählen|地図で場所を選択|नक्शे पर स्थान चुनें
地图选点会同时更新地址和坐标。|Choosing a map location updates the address and coordinates.|Le choix sur la carte met à jour l’adresse et les coordonnées.|เลือกบนแผนที่จะอัปเดตที่อยู่และพิกัดด้วย|Die Kartenauswahl aktualisiert Adresse und Koordinaten.|地図で選択すると住所と位置が更新されます。|नक्शे पर चुनने से पता और स्थान दोनों अपडेट होंगे।
介绍场馆特色、训练环境与课程|Describe the venue, training space and classes|Présentez le club, l’espace et les cours|แนะนำจุดเด่น สถานที่ฝึก และคลาส|Studio, Trainingsumgebung und Kurse beschreiben|施設の特徴・環境・レッスンを紹介|जिम की विशेषताएँ, प्रशिक्षण और कक्षाएँ बताएँ
如：周一至周日 10:00–22:00|E.g. Mon–Sun 10:00–22:00|Ex. lun.–dim. 10:00–22:00|เช่น จันทร์–อาทิตย์ 10:00–22:00|Z. B. Mo–So 10:00–22:00|例：月〜日 10:00–22:00|जैसे: सोम–रवि 10:00–22:00
可填写国家区号和联系电话|Include the country code if needed|Ajoutez l’indicatif international si nécessaire|ใส่รหัสประเทศและเบอร์ติดต่อได้|Landesvorwahl bei Bedarf angeben|国番号と電話番号を入力できます|ज़रूरत हो तो देश का कोड जोड़ें
如：地铁出口、楼层入口、停车方式|E.g. metro exit, floor entrance and parking|Ex. sortie de métro, entrée et stationnement|เช่น ทางออกสถานี ทางเข้าอาคาร และที่จอดรถ|Z. B. U-Bahn-Ausgang, Eingang und Parken|例：駅出口・階数・入口・駐車場|जैसे: मेट्रो निकास, प्रवेश और पार्किंग
请同时填写经度和纬度，或使用地图选点|Enter both coordinates or choose a location on the map|Saisissez les deux coordonnées ou choisissez sur la carte|กรอกทั้งละติจูดและลองจิจูด หรือเลือกบนแผนที่|Beide Koordinaten eingeben oder auf der Karte auswählen|緯度と経度を両方入力するか、地図で選択してください|दोनों निर्देशांक भरें या नक्शे पर स्थान चुनें
门店介绍最多1200个字符|The venue introduction allows up to 1,200 characters|La présentation est limitée à 1 200 caractères|ข้อมูลสาขาได้สูงสุด 1,200 ตัวอักษร|Studiobeschreibung maximal 1.200 Zeichen|店舗紹介は1200文字以内です|शाखा का परिचय अधिकतम 1200 अक्षरों का हो सकता है
营业时间最多120个字符|Opening hours allow up to 120 characters|Les horaires sont limités à 120 caractères|เวลาทำการได้สูงสุด 120 ตัวอักษร|Öffnungszeiten maximal 120 Zeichen|営業時間は120文字以内です|खुलने का समय अधिकतम 120 अक्षरों का हो सकता है
联系电话最多30个字符|The phone number allows up to 30 characters|Le numéro est limité à 30 caractères|เบอร์ติดต่อได้สูงสุด 30 ตัวอักษร|Telefonnummer maximal 30 Zeichen|電話番号は30文字以内です|संपर्क नंबर अधिकतम 30 अक्षरों का हो सकता है
到店指引最多300个字符|Arrival instructions allow up to 300 characters|Les indications d’accès sont limitées à 300 caractères|วิธีเดินทางได้สูงสุด 300 ตัวอักษร|Anfahrtshinweise maximal 300 Zeichen|アクセス案内は300文字以内です|आने के निर्देश अधिकतम 300 अक्षरों के हो सकते हैं
联系电话格式不正确，请填写可拨打的号码|Enter a valid, callable phone number|Saisissez un numéro de téléphone valide|กรอกเบอร์โทรที่ถูกต้องและโทรได้|Eine gültige Telefonnummer eingeben|発信できる正しい電話番号を入力してください|सही और कॉल करने योग्य फ़ोन नंबर भरें
当前微信版本暂不支持定位，请更新微信后重试|Update WeChat to use location features|Mettez WeChat à jour pour utiliser la localisation|อัปเดต WeChat เพื่อใช้การระบุตำแหน่ง|WeChat für Standortfunktionen aktualisieren|位置情報機能を利用するにはWeChatを更新してください|स्थान सुविधा के लिए WeChat अपडेट करें
已取消定位，您仍可查看门店地址|Location canceled. Venue addresses are still available.|Localisation annulée. Les adresses restent accessibles.|ยกเลิกการระบุตำแหน่งแล้ว ยังดูที่อยู่สาขาได้|Standortsuche abgebrochen. Adressen bleiben verfügbar.|位置確認をキャンセルしました。店舗住所は引き続き確認できます。|स्थान रद्द किया गया। शाखा के पते अभी भी देख सकते हैं।
手机定位服务未开启，请在系统设置中开启后重试|Turn on your phone’s location service, then try again|Activez la localisation du téléphone, puis réessayez|เปิดบริการตำแหน่งในระบบโทรศัพท์แล้วลองอีกครั้ง|Standortdienst am Telefon aktivieren und erneut versuchen|端末の設定で位置情報サービスを有効にして再試行してください|फ़ोन की सेटिंग में स्थान सेवा चालू करके फिर प्रयास करें
定位权限未开启，可在设置中开启后查看距离|Enable location permission in settings to see distances|Autorisez la localisation dans les réglages pour voir les distances|อนุญาตตำแหน่งในการตั้งค่าเพื่อดูระยะทาง|Standortzugriff in den Einstellungen erlauben|設定で位置情報を許可すると距離を確認できます|दूरी देखने के लिए सेटिंग में स्थान की अनुमति दें
定位超时，请到信号良好的位置重试|Location timed out. Try somewhere with a better signal.|La localisation a expiré. Réessayez avec un meilleur signal.|ระบุตำแหน่งหมดเวลา ลองใหม่ในจุดที่สัญญาณดี|Standortsuche abgelaufen. Bei besserem Empfang erneut versuchen.|位置確認がタイムアウトしました。電波の良い場所で再試行してください。|स्थान खोजने का समय समाप्त हुआ। बेहतर सिग्नल वाली जगह पर फिर प्रयास करें।
暂时无法获取位置，请稍后重试；您仍可查看门店地址|Location is unavailable. Try later; venue addresses remain available.|Position indisponible. Réessayez plus tard ; les adresses restent accessibles.|หาตำแหน่งไม่ได้ ลองภายหลัง ยังดูที่อยู่สาขาได้|Standort nicht verfügbar. Später erneut versuchen; Adressen bleiben sichtbar.|位置を取得できません。後で再試行してください。店舗住所は確認できます。|स्थान अभी उपलब्ध नहीं है। बाद में प्रयास करें; शाखा के पते देख सकते हैं।
定位结果不完整，请重试|Location information is incomplete. Try again.|La position est incomplète. Réessayez.|ข้อมูลตำแหน่งไม่ครบ โปรดลองใหม่|Standortdaten unvollständig. Erneut versuchen.|位置情報が不完全です。再試行してください。|स्थान की जानकारी अधूरी है। फिर प्रयास करें।
设置页面未能打开，请在微信设置中开启定位权限|Open WeChat settings to enable location permission|Ouvrez les réglages WeChat pour autoriser la localisation|เปิดการตั้งค่า WeChat เพื่ออนุญาตตำแหน่ง|Standortzugriff in den WeChat-Einstellungen erlauben|WeChatの設定で位置情報を許可してください|WeChat की सेटिंग में स्थान की अनुमति दें
电话未能拨出，请稍后重试|The call could not be started. Try again later.|L’appel n’a pas pu être lancé. Réessayez plus tard.|โทรออกไม่ได้ โปรดลองภายหลัง|Anruf konnte nicht gestartet werden. Später erneut versuchen.|電話を発信できませんでした。後で再試行してください。|कॉल शुरू नहीं हो सकी। बाद में फिर प्रयास करें।
地图位置不完整，请重新选择|The map location is incomplete. Choose again.|La position sur la carte est incomplète. Choisissez à nouveau.|ตำแหน่งบนแผนที่ไม่ครบ โปรดเลือกใหม่|Kartenstandort unvollständig. Erneut auswählen.|地図の位置情報が不完全です。選び直してください。|नक्शे का स्थान अधूरा है। फिर चुनें।
地图选点未完成，请重试|Map selection did not finish. Try again.|Le choix sur la carte n’a pas abouti. Réessayez.|ยังเลือกตำแหน่งไม่สำเร็จ โปรดลองใหม่|Kartenauswahl nicht abgeschlossen. Erneut versuchen.|地図での選択が完了していません。再試行してください。|नक्शे पर चयन पूरा नहीं हुआ। फिर प्रयास करें।
距离功能暂未开通，您仍可查看门店地址|Distances are not enabled yet. Venue addresses remain available.|Les distances ne sont pas encore activées. Les adresses restent accessibles.|ยังไม่ได้เปิดฟังก์ชันระยะทาง แต่ยังดูที่อยู่สาขาได้|Entfernungen sind noch nicht aktiviert. Adressen bleiben verfügbar.|距離表示はまだ利用できません。店舗住所は確認できます。|दूरी सुविधा अभी चालू नहीं है। शाखा के पते देख सकते हैं।
