首页实景图片|Home gallery|Photos de l’accueil|รูปสถานที่บนหน้าหลัก|Fotos auf der Startseite|ホームの施設写真|होम पेज की तस्वीरें
添加、更换图片与说明|Add or replace photos and captions|Ajouter ou remplacer les photos et légendes|เพิ่มหรือเปลี่ยนรูปและคำอธิบาย|Fotos und Beschreibungen bearbeiten|写真と説明を追加・変更|तस्वीरें और विवरण जोड़ें या बदलें
最多6张，按列表顺序展示；保存后更新首页。|Up to 6 photos, shown in list order. Save to update the home page.|Jusqu’à 6 photos, dans l’ordre de la liste. Enregistrez pour actualiser l’accueil.|สูงสุด 6 รูป แสดงตามลำดับในรายการ บันทึกเพื่ออัปเดตหน้าหลัก|Bis zu 6 Fotos in Listenreihenfolge. Speichern aktualisiert die Startseite.|最大6枚、一覧順に表示します。保存するとホームに反映されます。|अधिकतम 6 तस्वीरें सूची के क्रम में दिखेंगी। सेव करने पर होम पेज अपडेट होगा।
图片 {0}|Photo {0}|Photo {0}|รูป {0}|Foto {0}|写真 {0}|तस्वीर {0}
图片说明（可选）|Caption (optional)|Légende (facultative)|คำอธิบายรูป (ไม่บังคับ)|Beschreibung (optional)|写真の説明（任意）|विवरण (वैकल्पिक)
更换图片|Replace photo|Remplacer la photo|เปลี่ยนรูป|Foto ersetzen|写真を変更|तस्वीर बदलें
删除|Delete|Supprimer|ลบ|Löschen|削除|हटाएँ
暂无图片，保存后首页将隐藏实景模块。|No photos. Saving will hide the home gallery.|Aucune photo. L’enregistrement masquera la galerie d’accueil.|ไม่มีรูป เมื่อบันทึกแล้วจะซ่อนส่วนรูปสถานที่บนหน้าหลัก|Keine Fotos. Speichern blendet die Galerie aus.|写真がありません。保存するとホームの写真欄が非表示になります。|कोई तस्वीर नहीं। सेव करने पर होम गैलरी छिप जाएगी।
添加场馆图片|Add venue photos|Ajouter des photos du club|เพิ่มรูปสถานที่|Studiofotos hinzufügen|施設写真を追加|जिम की तस्वीरें जोड़ें
恢复默认图片|Restore default photos|Rétablir les photos par défaut|คืนค่ารูปเริ่มต้น|Standardfotos wiederherstellen|初期の写真に戻す|डिफ़ॉल्ट तस्वीरें बहाल करें
保存门店图片|Save venue photos|Enregistrer les photos du club|บันทึกรูปสาขา|Studiofotos speichern|店舗写真を保存|शाखा की तस्वीरें सेव करें
正在处理图片…|Processing photos…|Traitement des photos…|กำลังประมวลผลรูป…|Fotos werden verarbeitet…|写真を処理中…|तस्वीरें तैयार हो रही हैं…
场馆照片 {0}|Venue photo {0}|Photo du club {0}|รูปสถานที่ {0}|Studiofoto {0}|施設写真 {0}|जिम की तस्वीर {0}
请选择要编辑图片的门店|Select a venue to edit its photos|Choisissez le club dont les photos sont à modifier|เลือกสาขาที่ต้องการแก้ไขรูป|Studio zum Bearbeiten auswählen|写真を編集する店舗を選択してください|तस्वीरें बदलने के लिए शाखा चुनें
每个门店最多展示6张图片|Each venue can display up to 6 photos|Chaque club peut afficher jusqu’à 6 photos|แต่ละสาขาแสดงได้สูงสุด 6 รูป|Pro Studio sind bis zu 6 Fotos möglich|各店舗で最大6枚の写真を表示できます|हर शाखा अधिकतम 6 तस्वीरें दिखा सकती है
图片说明最多40个字符，请检查图片和说明|Captions allow up to 40 characters. Check the photo and caption.|Les légendes sont limitées à 40 caractères. Vérifiez la photo et sa légende.|คำอธิบายได้สูงสุด 40 ตัวอักษร โปรดตรวจสอบรูปและคำอธิบาย|Beschreibungen dürfen maximal 40 Zeichen haben. Foto und Text prüfen.|説明は40文字以内です。写真と説明を確認してください|विवरण अधिकतम 40 अक्षरों का हो सकता है। तस्वीर और विवरण जाँचें।
请使用上传的图片或默认场馆图片|Use uploaded photos or the default venue photos|Utilisez des photos téléversées ou celles par défaut|ใช้รูปที่อัปโหลดหรือรูปสถานที่เริ่มต้น|Hochgeladene Fotos oder Standardfotos verwenden|アップロードした写真または初期の施設写真を使用してください|अपलोड की गई या डिफ़ॉल्ट जिम तस्वीरें इस्तेमाल करें
同一张图片不能重复添加|The same photo cannot be added twice|Une même photo ne peut pas être ajoutée deux fois|เพิ่มรูปเดียวกันซ้ำไม่ได้|Dasselbe Foto kann nicht doppelt hinzugefügt werden|同じ写真を重複して追加できません|एक तस्वीर दो बार नहीं जोड़ी जा सकती
请重新上传当前账号选择的门店图片|Upload the venue photos again using this account|Téléversez à nouveau les photos avec ce compte|อัปโหลดรูปสาขาใหม่ด้วยบัญชีนี้|Studiofotos mit diesem Konto erneut hochladen|現在のアカウントで店舗写真を再アップロードしてください|इस खाते से शाखा की तस्वीरें फिर अपलोड करें
只有管理员可以更换门店图片|Only administrators can change venue photos|Seuls les administrateurs peuvent modifier les photos du club|เฉพาะผู้ดูแลระบบเท่านั้นที่เปลี่ยนรูปสาขาได้|Nur Administratoren können Studiofotos ändern|店舗写真は管理者のみ変更できます|केवल प्रशासक शाखा की तस्वीरें बदल सकते हैं
门店图片已被其他管理员更新，请重新打开图片管理|Another administrator updated these photos. Reopen photo management.|Un autre administrateur a modifié les photos. Rouvrez leur gestion.|ผู้ดูแลคนอื่นอัปเดตรูปแล้ว โปรดเปิดการจัดการรูปใหม่|Ein anderer Administrator hat die Fotos geändert. Fotoverwaltung erneut öffnen.|別の管理者が写真を更新しました。写真管理を開き直してください|दूसरे प्रशासक ने तस्वीरें बदल दी हैं। तस्वीर प्रबंधन फिर खोलें।
门店图片已保存|Venue photos saved|Photos du club enregistrées|บันทึกรูปสาขาแล้ว|Studiofotos gespeichert|店舗写真を保存しました|शाखा की तस्वीरें सेव हो गईं
门店图片保存未完成，请稍后重试|Venue photos could not be saved. Try again later.|Les photos n’ont pas pu être enregistrées. Réessayez plus tard.|ยังบันทึกรูปสาขาไม่สำเร็จ โปรดลองอีกครั้งภายหลัง|Studiofotos konnten nicht gespeichert werden. Später erneut versuchen.|店舗写真を保存できませんでした。しばらくしてから再試行してください|शाखा की तस्वीरें सेव नहीं हुईं। बाद में फिर प्रयास करें।
图片上传未完成，请重新选择图片|Upload did not finish. Select the photos again.|Le téléversement n’a pas abouti. Sélectionnez à nouveau les photos.|อัปโหลดยังไม่เสร็จ โปรดเลือกรูปใหม่|Upload nicht abgeschlossen. Fotos erneut auswählen.|アップロードが完了していません。写真を選び直してください|अपलोड पूरा नहीं हुआ। तस्वीरें फिर चुनें।
